label,positive_count,negative_count,uncertain_count,blank_count,auprc,auroc,brier,ece,pn_median_separability
Cardiomegaly,760,325,306,2986,0.9539495341706206,0.9023076923076924,0.11321590317497382,0.03372131613542407,0.6429215669631958
Edema,1024,645,416,2292,0.8991461415204531,0.8765367611434108,0.1391574776514891,0.06521275025274027,0.6362389326095581
Consolidation,444,725,804,2404,0.8717353535743202,0.9223454488971731,0.10505630367690039,0.04825609611383965,0.876866340637207
Atelectasis,783,162,932,2500,0.872182546372708,0.6446399571133501,0.13809321786080703,0.06647235330135104,0.057877957820892334
Pneumothorax,421,1066,192,2698,0.6124956380278959,0.8059565137949936,0.1554796660709421,0.03627566222123997,0.3238832652568817
Pleural Effusion,1525,911,390,1551,0.952419900291324,0.9433301542171275,0.07877299556595056,0.030544313802483243,0.9245398044586182
