model_name,best_profile_val_macro_auprc,profile_val_macro_auprc,profile_val_macro_auroc,profile_val_mean_brier,profile_val_mean_ece,test_macro_auprc,test_macro_auroc,test_mean_brier,test_mean_ece
u_zero,0.8472206577757434,0.8472206577757434,0.824597878897626,0.178985564554452,0.1673679879291797,0.8299728780772783,0.8235679129758718,0.17569199817054207,0.15611688239324437
u_one,0.8586408256143864,0.8586408256143864,0.8438140064267611,0.1339566929501356,0.0855813634474165,0.8537763172056283,0.8559288447762535,0.13221726331052427,0.09324866069558385
u_ignore,0.8626863634375925,0.8626863634375925,0.8481229215041165,0.12615779556850004,0.057170012513821415,0.860863189314934,0.8615763405234137,0.11824198944539954,0.052244241174657195
profile_guided,0.8563561020667926,0.8563561020667926,0.8421563217993953,0.1304153540183023,0.0699535635248756,0.855373331086612,0.8568506813839836,0.1261227765510263,0.07291381430711032
